Original,Organized,Group
bolt_1.001,볼트__bolt_1.001,01_볼트
bolt_1.008,볼트__bolt_1.008,01_볼트
bolt_1.011,볼트__bolt_1.011,01_볼트
bolt_1.012,볼트__bolt_1.012,01_볼트
bolt_1.013,볼트__bolt_1.013,01_볼트
bolt_1.019,볼트__bolt_1.019,01_볼트
bolt_1.029,볼트__bolt_1.029,01_볼트
bolt_1.031,볼트__bolt_1.031,01_볼트
bolt_1.098,볼트__bolt_1.098,01_볼트
bolt_1.099,볼트__bolt_1.099,01_볼트
bolt_1.104,볼트__bolt_1.104,01_볼트
bolt_1.105,볼트__bolt_1.105,01_볼트
bolt_1_long.006,볼트__bolt_1_long.006,01_볼트
bolt_1_long.007,볼트__bolt_1_long.007,01_볼트
bolt_1_long.012,볼트__bolt_1_long.012,01_볼트
bolt_1_long.013,볼트__bolt_1_long.013,01_볼트
bolt_1_long.015,볼트__bolt_1_long.015,01_볼트
bolt_1_long.021,볼트__bolt_1_long.021,01_볼트
bolt_1_long.022,볼트__bolt_1_long.022,01_볼트
bolt_1_long.023,볼트__bolt_1_long.023,01_볼트
bolt_1_long.024,볼트__bolt_1_long.024,01_볼트
bolt_1_long.025,볼트__bolt_1_long.025,01_볼트
braking_disk_rotor_224,브레이크__braking_disk_rotor_224,뒤왼쪽
braking_disk_rotor_224.004,브레이크__braking_disk_rotor_224.004,뒤오른쪽
Circle.007,보조형상부품_001__Circle.007,차량하부
Cube.002,보조형상부품_002__Cube.002,후면주변
Cube.121,보조형상부품_003__Cube.121,차량중앙
Cube.124,보조형상부품_004__Cube.124,차량중앙
Cube.125,보조형상부품_005__Cube.125,차량중앙
Cube.126,보조형상부품_006__Cube.126,차량중앙
Cube.127,보조형상부품_007__Cube.127,차량하부
Cube.128,보조형상부품_008__Cube.128,차량중앙
Cube.131,보조형상부품_009__Cube.131,차량중앙
Cube.132,보조형상부품_010__Cube.132,차량중앙
Cube.133,보조형상부품_011__Cube.133,차량중앙
Cube.134,보조형상부품_012__Cube.134,차량중앙
Cube.135,보조형상부품_013__Cube.135,차량중앙
Cube.136,보조형상부품_014__Cube.136,차량중앙
Cube.137,보조형상부품_015__Cube.137,차량중앙
Cube.138,보조형상부품_016__Cube.138,차량중앙
Cube.139,보조형상부품_017__Cube.139,차량중앙
Cube.140,보조형상부품_018__Cube.140,후면주변
Cube.141,보조형상부품_019__Cube.141,차량하부
Cube.142,보조형상부품_020__Cube.142,차량하부
Cube.143,보조형상부품_021__Cube.143,후면주변
Cube.144,보조형상부품_022__Cube.144,차량하부
Cube.145,보조형상부품_023__Cube.145,차량하부
Cube.167,보조형상부품_024__Cube.167,차량하부
Cube.169,보조형상부품_025__Cube.169,차량하부
Cube.170,보조형상부품_026__Cube.170,전면주변
Cube.171,보조형상부품_027__Cube.171,차량하부
Cube.172,보조형상부품_028__Cube.172,차량하부
Cylinder.075,원통형구조_029__Cylinder.075,차량하부
Cube.173,보조형상부품_030__Cube.173,전면주변
Cube.174,보조형상부품_031__Cube.174,전면주변
Cube.175,보조형상부품_032__Cube.175,차량하부
Cube.176,보조형상부품_033__Cube.176,차량하부
Cube.177,보조형상부품_034__Cube.177,차량하부
Cube.178,보조형상부품_035__Cube.178,차량하부
Cube.179,보조형상부품_036__Cube.179,전면주변
Cube.180,보조형상부품_037__Cube.180,전면주변
Cube.181,보조형상부품_038__Cube.181,차량하부
Cube.182,보조형상부품_039__Cube.182,차량하부
Cube.183,보조형상부품_040__Cube.183,전면주변
Cube.184,보조형상부품_041__Cube.184,차량하부
Cylinder.077,원통형구조_042__Cylinder.077,차량하부
Cube.185,보조형상부품_043__Cube.185,후면주변
Cube.189,보조형상부품_044__Cube.189,후면주변
Cube.190,보조형상부품_045__Cube.190,후면주변
Cube.191,보조형상부품_046__Cube.191,후면주변
Cube.192,보조형상부품_047__Cube.192,후면주변
Cube.193,보조형상부품_048__Cube.193,차량중앙
Cube.195,보조형상부품_049__Cube.195,차량중앙
Cube.196,보조형상부품_050__Cube.196,차량하부
Cube.197,보조형상부품_051__Cube.197,차량하부
Cube.198,보조형상부품_052__Cube.198,차량중앙
Cube.201,보조형상부품_053__Cube.201,차량중앙
Cube.202,보조형상부품_054__Cube.202,차량하부
Cube.203,보조형상부품_055__Cube.203,차량하부
Cube.205,보조형상부품_056__Cube.205,차량중앙
Cube.208,보조형상부품_057__Cube.208,차량중앙
Cube.280,보조형상부품_058__Cube.280,차량하부
Cube.283,보조형상부품_059__Cube.283,차량하부
cv_joint,보조형상부품_060__cv_joint,차량하부
cv_joint.001,보조형상부품_061__cv_joint.001,차량하부
cv_joint.002,보조형상부품_062__cv_joint.002,차량하부
cv_joint.003,보조형상부품_063__cv_joint.003,차량하부
cv_joint.004,보조형상부품_064__cv_joint.004,차량하부
cv_joint.005,보조형상부품_065__cv_joint.005,차량하부
cv_joint.006,보조형상부품_066__cv_joint.006,차량하부
cv_joint.008,보조형상부품_067__cv_joint.008,차량하부
cv_joint.009,보조형상부품_068__cv_joint.009,차량하부
cv_joint.010,보조형상부품_069__cv_joint.010,차량하부
cv_joint.011,보조형상부품_070__cv_joint.011,차량하부
cv_joint.012,보조형상부품_071__cv_joint.012,차량하부
cv_joint.013,보조형상부품_072__cv_joint.013,차량하부
cv_joint.014,보조형상부품_073__cv_joint.014,차량하부
cv_joint.015,보조형상부품_074__cv_joint.015,차량하부
cv_joint.016,보조형상부품_075__cv_joint.016,차량하부
cv_joint.017,보조형상부품_076__cv_joint.017,차량하부
cv_joint.018,보조형상부품_077__cv_joint.018,차량하부
cv_joint.019,보조형상부품_078__cv_joint.019,차량하부
cv_joint.020,보조형상부품_079__cv_joint.020,차량하부
cv_joint.021,보조형상부품_080__cv_joint.021,차량하부
cv_joint.022,보조형상부품_081__cv_joint.022,차량하부
Cylinder.001,원통형구조_082__Cylinder.001,차량하부
Cylinder.002,원통형구조_083__Cylinder.002,후면주변
Cylinder.003,원통형구조_084__Cylinder.003,차량하부
Cylinder.004,원통형구조_085__Cylinder.004,차량하부
Cylinder.005,원통형구조_086__Cylinder.005,차량하부
Cylinder.006,원통형구조_087__Cylinder.006,차량하부
Cylinder.007,원통형구조_088__Cylinder.007,차량하부
Cylinder.008,원통형구조_089__Cylinder.008,차량하부
Cylinder.009,원통형구조_090__Cylinder.009,차량하부
Cylinder.010,원통형구조_091__Cylinder.010,차량하부
Cylinder.011,원통형구조_092__Cylinder.011,차량하부
Cylinder.012,원통형구조_093__Cylinder.012,차량하부
Cylinder.013,원통형구조_094__Cylinder.013,후면주변
Cylinder.014,원통형구조_095__Cylinder.014,차량하부
Cylinder.015,원통형구조_096__Cylinder.015,차량하부
Cylinder.016,원통형구조_097__Cylinder.016,차량하부
Cylinder.017,원통형구조_098__Cylinder.017,차량하부
Cylinder.018,원통형구조_099__Cylinder.018,차량하부
Cylinder.019,원통형구조_100__Cylinder.019,차량하부
Cylinder.020,원통형구조_101__Cylinder.020,차량하부
Cylinder.022,원통형구조_102__Cylinder.022,차량하부
Cylinder.023,원통형구조_103__Cylinder.023,차량하부
Cylinder.024,원통형구조_104__Cylinder.024,차량하부
Cylinder.030,원통형구조_105__Cylinder.030,차량하부
Cylinder.032,원통형구조_106__Cylinder.032,차량하부
Cylinder.033,원통형구조_107__Cylinder.033,차량하부
Cylinder.038,원통형구조_108__Cylinder.038,차량하부
Cylinder.039,원통형구조_109__Cylinder.039,후면주변
Cylinder.040,원통형구조_110__Cylinder.040,차량하부
Cylinder.041,원통형구조_111__Cylinder.041,차량하부
Cylinder.042,원통형구조_112__Cylinder.042,차량하부
Cylinder.043,원통형구조_113__Cylinder.043,차량하부
Cylinder.045,원통형구조_114__Cylinder.045,차량하부
Cylinder.053,원통형구조_115__Cylinder.053,차량하부
Cylinder.054,원통형구조_116__Cylinder.054,차량하부
Cylinder.067,원통형구조_117__Cylinder.067,차량하부
Cylinder.068,원통형구조_118__Cylinder.068,차량하부
Cylinder.072,원통형구조_119__Cylinder.072,차량하부
Cylinder.074,원통형구조_120__Cylinder.074,차량하부
Cylinder.078,원통형구조_121__Cylinder.078,전면주변
Cylinder.085,원통형구조_122__Cylinder.085,차량중앙
Cylinder.086,원통형구조_123__Cylinder.086,차량중앙
Cylinder.087,원통형구조_124__Cylinder.087,차량중앙
Cylinder.088,원통형구조_125__Cylinder.088,차량하부
Cylinder.089,원통형구조_126__Cylinder.089,차량하부
Cylinder.090,원통형구조_127__Cylinder.090,차량하부
Cylinder.091,원통형구조_128__Cylinder.091,차량하부
DECAL_BULL,보조형상부품_129__DECAL_BULL,차량중앙
DECAL_HUNTER,보조형상부품_130__DECAL_HUNTER,차량중앙
frame,프레임_131__frame,차량하부
frame.001,프레임_132__frame.001,차량하부
frame.002,프레임_133__frame.002,차량하부
frame.003,프레임_134__frame.003,차량하부
frame.004,프레임_135__frame.004,차량하부
frame.005,프레임_136__frame.005,차량하부
frame.006,프레임_137__frame.006,차량하부
frame.007,프레임_138__frame.007,차량하부
frame.008,프레임_139__frame.008,차량하부
frame.009,프레임_140__frame.009,차량하부
frame.010,프레임_141__frame.010,차량하부
frame.011,프레임_142__frame.011,차량하부
frame.012,프레임_143__frame.012,차량하부
frame.013,프레임_144__frame.013,차량하부
frame.014,프레임_145__frame.014,차량하부
frame.015,프레임_146__frame.015,차량하부
frame.016,프레임_147__frame.016,차량하부
frame.035,프레임_148__frame.035,차량하부
frame.036,프레임_149__frame.036,차량하부
frame.037,프레임_150__frame.037,차량하부
frame.038,프레임_151__frame.038,차량하부
frame.039,프레임_152__frame.039,차량하부
frame.040,프레임_153__frame.040,후면주변
frame.041,프레임_154__frame.041,차량중앙
frame.042,프레임_155__frame.042,후면주변
frame.043,프레임_156__frame.043,차량하부
frame.051,프레임_157__frame.051,차량하부
frame.052,프레임_158__frame.052,차량하부
frame.053,프레임_159__frame.053,차량하부
frame.054,프레임_160__frame.054,차량하부
frame.055,프레임_161__frame.055,차량하부
frame.056,프레임_162__frame.056,차량하부
frame.057,프레임_163__frame.057,차량하부
frame.058,프레임_164__frame.058,차량하부
frame.059,프레임_165__frame.059,차량하부
frame.071,프레임_166__frame.071,차량하부
frame.072,프레임_167__frame.072,차량하부
frame.073,프레임_168__frame.073,차량하부
frame.074,프레임_169__frame.074,차량하부
frame.075,프레임_170__frame.075,차량하부
frame.076,프레임_171__frame.076,차량하부
frame.077,프레임_172__frame.077,차량하부
frame.078,프레임_173__frame.078,차량하부
frame.079,프레임_174__frame.079,차량하부
frame.080,프레임_175__frame.080,차량하부
frame.081,프레임_176__frame.081,차량하부
frame.082,프레임_177__frame.082,차량하부
frame.083,프레임_178__frame.083,차량하부
frame.085,프레임_179__frame.085,차량하부
frame.088,프레임_180__frame.088,차량중앙
frame.089,프레임_181__frame.089,차량하부
frame.090,프레임_182__frame.090,차량하부
frame.091,프레임_183__frame.091,후면주변
frame.092,프레임_184__frame.092,차량하부
frame.093,프레임_185__frame.093,차량하부
frame.094,프레임_186__frame.094,차량하부
frame.095,프레임_187__frame.095,차량하부
frame.096,프레임_188__frame.096,차량하부
frame.097,프레임_189__frame.097,차량하부
frame.098,프레임_190__frame.098,차량하부
frame.099,프레임_191__frame.099,차량하부
frame.100,프레임_192__frame.100,차량하부
frame.101,프레임_193__frame.101,차량하부
frame.102,프레임_194__frame.102,차량하부
frame.103,프레임_195__frame.103,차량하부
frame.104,프레임_196__frame.104,차량하부
frame.105,프레임_197__frame.105,차량하부
frame.106,프레임_198__frame.106,차량하부
frame.107,프레임_199__frame.107,차량하부
frame.108,프레임_200__frame.108,차량하부
frame.109,프레임_201__frame.109,차량하부
frame.110,프레임_202__frame.110,차량하부
frame.111,프레임_203__frame.111,차량하부
frame.112,프레임_204__frame.112,차량하부
frame.113,프레임_205__frame.113,차량하부
frame.114,프레임_206__frame.114,차량하부
Front_CenterVent_Honeycomb,보조형상부품_207__Front_CenterVent_Honeycomb,전면주변
Front_CenterVent_LowerChannel,보조형상부품_208__Front_CenterVent_LowerChannel,전면주변
Front_CenterVent_Recess,보조형상부품_209__Front_CenterVent_Recess,전면주변
GL400_base.001,리프트받침_210__GL400_base.001,전면주변
GL400_base.002,리프트받침_211__GL400_base.002,전면주변
GL400_base.003,리프트받침_212__GL400_base.003,후면주변
GL400_base.004,리프트받침_213__GL400_base.004,후면주변
GL400_lift.001,리프트부품_214__GL400_lift.001,전면주변
GL400_lift.002,리프트부품_215__GL400_lift.002,전면주변
GL400_lift.003,리프트부품_216__GL400_lift.003,후면주변
GL400_lift.004,리프트부품_217__GL400_lift.004,후면주변
interior.023,실내부품__interior.023,07_실내부품
interior.029,실내부품__interior.029,07_실내부품
interior_mirror_001,거울__interior_mirror_001,07_실내부품
nut.024,너트__nut.024,02_너트
nut.028,너트__nut.028,02_너트
nut_1.008,너트__nut_1.008,02_너트
nut_1.009,너트__nut_1.009,02_너트
nut_1.015,너트__nut_1.015,02_너트
nut_1.016,너트__nut_1.016,02_너트
nut_1.065,너트__nut_1.065,02_너트
nut_1.066,너트__nut_1.066,02_너트
nut_1.068,너트__nut_1.068,02_너트
nut_1.220,너트__nut_1.220,02_너트
nut_1.221,너트__nut_1.221,02_너트
nut_1.226,너트__nut_1.226,02_너트
nut_1.227,너트__nut_1.227,02_너트
part.001,보조형상부품_218__part.001,차량하부
part.002,보조형상부품_219__part.002,차량하부
part.201,보조형상부품_220__part.201,차량하부
Plane.001,보조형상부품_221__Plane.001,차량하부
Plane.002,보조형상부품_222__Plane.002,차량하부
Plane.003,보조형상부품_223__Plane.003,차량하부
Plane.051,보조형상부품_224__Plane.051,차량하부
Plane.144,보조형상부품_225__Plane.144,차량하부
Plane.147,보조형상부품_226__Plane.147,차량하부
Plane.148,보조형상부품_227__Plane.148,차량하부
Plane.149,보조형상부품_228__Plane.149,차량하부
Plane.150,보조형상부품_229__Plane.150,차량하부
Plane.151,보조형상부품_230__Plane.151,차량하부
Plane.152,보조형상부품_231__Plane.152,차량하부
Plane.153,보조형상부품_232__Plane.153,차량하부
Plane.154,보조형상부품_233__Plane.154,차량하부
Plane.155,보조형상부품_234__Plane.155,차량하부
Plane.156,보조형상부품_235__Plane.156,차량하부
Plane.157,보조형상부품_236__Plane.157,차량하부
Plane.160,보조형상부품_237__Plane.160,차량하부
Plane.161,보조형상부품_238__Plane.161,차량하부
Plane.162,보조형상부품_239__Plane.162,차량하부
Plane.188,보조형상부품_240__Plane.188,차량하부
Plane.189,보조형상부품_241__Plane.189,차량하부
Plane.190,보조형상부품_242__Plane.190,차량하부
Rear_LED_Left,보조형상부품_243__Rear_LED_Left,후면주변
Rear_LED_Main,보조형상부품_244__Rear_LED_Main,후면주변
Rear_LED_Right,보조형상부품_245__Rear_LED_Right,후면주변
Rear_LightBar_Housing,차체부품__Rear_LightBar_Housing,06_유리_램프
rim_1421,rim_1421__앞왼쪽휠림,앞왼쪽
rim_1421.001,rim_1421.001__뒤왼쪽휠림,뒤왼쪽
rim_1421.002,rim_1421.002__뒤오른쪽휠림,뒤오른쪽
rim_1421.003,rim_1421.003__앞오른쪽휠림,앞오른쪽
RMCar26_Body_A_DoorFrontLeft_LOD0,앞왼쪽도어__RMCar26_Body_A_DoorFrontLeft_LOD0,01_차체_범퍼_도어
RMCar26_Body_A_DoorFrontRight_LOD0,앞오른쪽도어__RMCar26_Body_A_DoorFrontRight_LOD0,01_차체_범퍼_도어
RMCar26_Body_A_DoorRearLeft_LOD0,뒤왼쪽도어__RMCar26_Body_A_DoorRearLeft_LOD0,01_차체_범퍼_도어
RMCar26_Body_A_DoorRearRight_LOD0,뒤오른쪽도어__RMCar26_Body_A_DoorRearRight_LOD0,01_차체_범퍼_도어
RMCar26_Body_A_LOD0,차체패널__RMCar26_Body_A_LOD0,01_차체_범퍼_도어
RMCar26_Body_B_DoorRearLeft_LOD0,뒤왼쪽도어__RMCar26_Body_B_DoorRearLeft_LOD0,01_차체_범퍼_도어
RMCar26_Body_B_DoorRearRight_LOD0,뒤오른쪽도어__RMCar26_Body_B_DoorRearRight_LOD0,01_차체_범퍼_도어
RMCar26_Body_B_LOD0,차체패널__RMCar26_Body_B_LOD0,01_차체_범퍼_도어
RMCar26_Body_C_DoorFrontLeft_LOD0,앞왼쪽도어__RMCar26_Body_C_DoorFrontLeft_LOD0,01_차체_범퍼_도어
RMCar26_Body_C_DoorFrontRight_LOD0,앞오른쪽도어__RMCar26_Body_C_DoorFrontRight_LOD0,01_차체_범퍼_도어
RMCar26_Body_C_DoorRearLeft_LOD0,뒤왼쪽도어__RMCar26_Body_C_DoorRearLeft_LOD0,01_차체_범퍼_도어
RMCar26_Body_C_DoorRearRight_LOD0,뒤오른쪽도어__RMCar26_Body_C_DoorRearRight_LOD0,01_차체_범퍼_도어
RMCar26_Body_C_LOD0,차체패널__RMCar26_Body_C_LOD0,01_차체_범퍼_도어
RMCar26_Body_D_DoorRearLeft_LOD0,뒤왼쪽도어__RMCar26_Body_D_DoorRearLeft_LOD0,01_차체_범퍼_도어
RMCar26_Body_D_DoorRearRight_LOD0,뒤오른쪽도어__RMCar26_Body_D_DoorRearRight_LOD0,01_차체_범퍼_도어
RMCar26_Body_D_LOD0,차체패널__RMCar26_Body_D_LOD0,01_차체_범퍼_도어
RMCar26_BodyFrontBumper2_A_LOD0,전면범퍼__RMCar26_BodyFrontBumper2_A_LOD0,01_차체_범퍼_도어
RMCar26_BodyFrontBumper_A_LOD0,전면범퍼__RMCar26_BodyFrontBumper_A_LOD0,01_차체_범퍼_도어
RMCar26_BodyFrontBumper_B_LOD0,전면범퍼__RMCar26_BodyFrontBumper_B_LOD0,01_차체_범퍼_도어
RMCar26_BodyFrontBumper_C_LOD0,전면범퍼__RMCar26_BodyFrontBumper_C_LOD0,01_차체_범퍼_도어
RMCar26_BodyFrontBumper_D_LOD0,전면범퍼__RMCar26_BodyFrontBumper_D_LOD0,01_차체_범퍼_도어
RMCar26_BodyRearBumper_A_LOD0,후면범퍼__RMCar26_BodyRearBumper_A_LOD0,01_차체_범퍼_도어
RMCar26_BodyRearBumper_B_LOD0,후면범퍼__RMCar26_BodyRearBumper_B_LOD0,01_차체_범퍼_도어
RMCar26_BodyRearBumper_C_LOD0,후면범퍼__RMCar26_BodyRearBumper_C_LOD0,01_차체_범퍼_도어
RMCar26_BodyRearBumper_D_LOD0,후면범퍼__RMCar26_BodyRearBumper_D_LOD0,01_차체_범퍼_도어
RMCar26_BodySpoiler_C_LOD0,스포일러__RMCar26_BodySpoiler_C_LOD0,01_차체_범퍼_도어
RMCar26_BodySpoiler_D_LOD0,스포일러__RMCar26_BodySpoiler_D_LOD0,01_차체_범퍼_도어
RMCar26_BrakeFrontLeft_LOD0,브레이크__RMCar26_BrakeFrontLeft_LOD0,앞왼쪽
RMCar26_BrakeFrontRight_LOD0,브레이크__RMCar26_BrakeFrontRight_LOD0,앞오른쪽
RMCar26_BrakeRearLeft_LOD0,브레이크__RMCar26_BrakeRearLeft_LOD0,뒤왼쪽
RMCar26_BrakeRearRight_LOD0,브레이크__RMCar26_BrakeRearRight_LOD0,뒤오른쪽
RMCar26_DayLight_LOD0,주간주행등__RMCar26_DayLight_LOD0,06_유리_램프
RMCar26_EmergencyLight_LOD0,비상등__RMCar26_EmergencyLight_LOD0,06_유리_램프
RMCar26_GlassFront_LOD0,유리__RMCar26_GlassFront_LOD0,06_유리_램프
RMCar26_GlassSpoiler_C_LOD0,스포일러__RMCar26_GlassSpoiler_C_LOD0,06_유리_램프
RMCar26_HoodEquipmentBay_Cavity,04_보넷내부공간_Cavity,03_보넷_미사일발사시스템
RMCar26_HoodEquipmentBay_FrameSeat,05_보넷장착테두리_FrameSeat,03_보넷_미사일발사시스템
RMCar26_LicensePlate_LOD0,번호판__RMCar26_LicensePlate_LOD0,01_차체_범퍼_도어
RMCar26_MainLight_LOD0,전조등__RMCar26_MainLight_LOD0,06_유리_램프
RMCar26_Paint_A_DoorFrontLeft_LOD0,앞왼쪽도어__RMCar26_Paint_A_DoorFrontLeft_LOD0,01_차체_범퍼_도어
RMCar26_Paint_A_DoorFrontRight_LOD0,앞오른쪽도어__RMCar26_Paint_A_DoorFrontRight_LOD0,01_차체_범퍼_도어
RMCar26_Paint_A_DoorRearLeft_LOD0,뒤왼쪽도어__RMCar26_Paint_A_DoorRearLeft_LOD0,01_차체_범퍼_도어
RMCar26_Paint_A_DoorRearRight_LOD0,뒤오른쪽도어__RMCar26_Paint_A_DoorRearRight_LOD0,01_차체_범퍼_도어
RMCar26_Paint_A_LOD0_EQUIPMENTBAY_WORK,외장패널__RMCar26_Paint_A_LOD0_EQUIPMENTBAY_WORK,01_차체_범퍼_도어
RMCar26_Paint_B_DoorRearLeft_LOD0,뒤왼쪽도어__RMCar26_Paint_B_DoorRearLeft_LOD0,01_차체_범퍼_도어
RMCar26_Paint_B_DoorRearRight_LOD0,뒤오른쪽도어__RMCar26_Paint_B_DoorRearRight_LOD0,01_차체_범퍼_도어
RMCar26_Paint_B_LOD0,외장패널__RMCar26_Paint_B_LOD0,01_차체_범퍼_도어
RMCar26_Paint_C_DoorFrontLeft_LOD0,앞왼쪽도어__RMCar26_Paint_C_DoorFrontLeft_LOD0,01_차체_범퍼_도어
RMCar26_Paint_C_DoorFrontRight_LOD0,앞오른쪽도어__RMCar26_Paint_C_DoorFrontRight_LOD0,01_차체_범퍼_도어
RMCar26_Paint_C_DoorRearLeft_LOD0,뒤왼쪽도어__RMCar26_Paint_C_DoorRearLeft_LOD0,01_차체_범퍼_도어
RMCar26_Paint_C_DoorRearRight_LOD0,뒤오른쪽도어__RMCar26_Paint_C_DoorRearRight_LOD0,01_차체_범퍼_도어
RMCar26_Paint_C_LOD0,외장패널__RMCar26_Paint_C_LOD0,01_차체_범퍼_도어
RMCar26_PaintFrontBumper_D_FRONTCENTER_WORK,전면범퍼__RMCar26_PaintFrontBumper_D_FRONTCENTER_WORK,01_차체_범퍼_도어
RMCar26_PaintRearBumper_A_LOD0,후면범퍼__RMCar26_PaintRearBumper_A_LOD0,01_차체_범퍼_도어
RMCar26_PaintSpoiler_A_LOD0,스포일러__RMCar26_PaintSpoiler_A_LOD0,01_차체_범퍼_도어
RMCar26_PaintSpoiler_B_LOD0,스포일러__RMCar26_PaintSpoiler_B_LOD0,01_차체_범퍼_도어
RMCar26_PaintSpoiler_C_LOD0,스포일러__RMCar26_PaintSpoiler_C_LOD0,01_차체_범퍼_도어
RMCar26_RearSideLight_C_LOD0,후미등__RMCar26_RearSideLight_C_LOD0,06_유리_램프
RMCar26_ReverseLight_A_LOD0,후진등__RMCar26_ReverseLight_A_LOD0,06_유리_램프
RMCar26_ReverseLight_D_LOD0,후진등__RMCar26_ReverseLight_D_LOD0,06_유리_램프
RMCar26_TurnSignalFrontLeft_LOD0,방향지시등__RMCar26_TurnSignalFrontLeft_LOD0,06_유리_램프
RMCar26_TurnSignalFrontRight_LOD0,방향지시등__RMCar26_TurnSignalFrontRight_LOD0,06_유리_램프
RMCar26_Windows_LOD0,창문__RMCar26_Windows_LOD0,06_유리_램프
RMCar26_WindowsFrontLeft_LOD0,창문__RMCar26_WindowsFrontLeft_LOD0,06_유리_램프
RMCar26_WindowsFrontRight_LOD0,창문__RMCar26_WindowsFrontRight_LOD0,06_유리_램프
RMCar26_WindowsRearLeft_LOD0,창문__RMCar26_WindowsRearLeft_LOD0,06_유리_램프
RMCar26_WindowsRearRight_LOD0,창문__RMCar26_WindowsRearRight_LOD0,06_유리_램프
sunvisor_001,햇빛가리개__sunvisor_001,07_실내부품
sunvisor_001.001,햇빛가리개__sunvisor_001.001,07_실내부품
SW_base.004,실내부품__SW_base.004,07_실내부품
SW_base.009,실내부품__SW_base.009,07_실내부품
Text.004,문자장식_246__Text.004,차량중앙
Text.038,문자장식_247__Text.038,차량중앙
Text.039,문자장식_248__Text.039,차량중앙
Text.040,문자장식_249__Text.040,차량중앙
Text.041,문자장식_250__Text.041,차량중앙
Text.042,문자장식_251__Text.042,차량중앙
Text.043,문자장식_252__Text.043,차량중앙
Text.044,문자장식_253__Text.044,차량중앙
Text.045,문자장식_254__Text.045,차량중앙
Text.046,문자장식_255__Text.046,차량중앙
Text.047,문자장식_256__Text.047,차량중앙
Text.048,문자장식_257__Text.048,차량중앙
Text.049,문자장식_258__Text.049,차량중앙
tire_001_R17,tire_001_R17__앞왼쪽타이어,앞왼쪽
tire_001_R17.001,tire_001_R17.001__뒤왼쪽타이어,뒤왼쪽
tire_001_R17.002,tire_001_R17.002__뒤오른쪽타이어,뒤오른쪽
tire_001_R17.003,tire_001_R17.003__앞오른쪽타이어,앞오른쪽
Torus.010,보조형상부품_259__Torus.010,차량중앙
Torus.011,보조형상부품_260__Torus.011,차량중앙
Torus.012,보조형상부품_261__Torus.012,차량중앙
tripo_node_04ee96aa-33fd-468c-b541-e52fb821874c,전면보호레일__tripo_node_04ee96aa-33fd-468c-b541-e52fb821874c,04_외장장갑_무장_장식
tripo_node_07c20483-a235-451c-90c4-78ba33336371,추가장갑__tripo_node_07c20483-a235-451c-90c4-78ba33336371,04_외장장갑_무장_장식
tripo_node_58f0853c-e59a-426b-b166-d0da7a32cee3,후방윙__tripo_node_58f0853c-e59a-426b-b166-d0da7a32cee3,04_외장장갑_무장_장식
tripo_node_c23680db-669b-43cb-8aa3-05f9591b9cda,전면황소장식__tripo_node_c23680db-669b-43cb-8aa3-05f9591b9cda,04_외장장갑_무장_장식
tripo_node_c23680db-669b-43cb-8aa3-05f9591b9cda.001,지붕황소무장장식__tripo_node_c23680db-669b-43cb-8aa3-05f9591b9cda.001,04_외장장갑_무장_장식
vent_785,통풍구_262__vent_785,차량중앙
vent_785.001,통풍구_263__vent_785.001,차량중앙
vent_785.002,통풍구_264__vent_785.002,차량중앙
wheel_701.001,보조형상부품_265__wheel_701.001,차량하부
wheel_701.005,보조형상부품_266__wheel_701.005,차량하부
